{
    "Precision":0.95,
    "Recall":0.7916666666666666,
    "f1_score":0.8636363636363635
}