{
    "Precision":0.5872024858431782,
    "Recall":0.9503048735611165,
    "f1_score":0.7441579497717872
}