{
    "Precision":0.7794117647058824,
    "Recall":0.9464285714285714,
    "f1_score":0.8548387096774193
}