{
    "Precision":0.9310344827586207,
    "Recall":0.9328571428571429,
    "f1_score":0.7605633802816901
}
