{
    "Precision":0.9090909090909091,
    "Recall":0.5555555555555556,
    "f1_score":0.6896551724137931
}